"Time of Day","Process Name","PID","Operation","Path","Result","Detail"
"2:58:19.8997310","wmiprvse.exe","9452","RegOpenKey","HKLM","SUCCESS","Desired Access: Maximum Allowed, Granted Access: Read"
"2:58:19.8997542","wmiprvse.exe","9452","RegQueryKey","HKLM","SUCCESS","Query: HandleTags, HandleTags: 0x0"
"2:58:19.8998420","wmiprvse.exe","9452","RegOpenKey","HKLM\Software\Microsoft\WBEM\Tracing\Providers","SUCCESS","Desired Access: Maximum Allowed, Granted Access: Read/Write, Delete"
"2:58:19.8999069","wmiprvse.exe","9452","RegCloseKey","HKLM","SUCCESS",""
"2:58:19.8999908","wmiprvse.exe","9452","RegQueryValue","HKLM\SOFTWARE\Microsoft\Wbem\Tracing\Providers\PerfLibEnabled","SUCCESS","Type: REG_DWORD, Length: 4, Data: 1"
"2:58:19.9000776","wmiprvse.exe","9452","RegQueryValue","HKLM\SOFTWARE\Microsoft\Wbem\Tracing\Providers\PerfLibInterval_ms","SUCCESS","Type: REG_DWORD, Length: 4, Data: 100"
"2:58:19.9001412","wmiprvse.exe","9452","RegQueryValue","HKLM\SOFTWARE\Microsoft\Wbem\Tracing\Providers\IsToCleanupTraces","SUCCESS","Type: REG_DWORD, Length: 4, Data: 1"
"2:58:19.9002080","wmiprvse.exe","9452","RegQueryValue","HKLM\SOFTWARE\Microsoft\Wbem\Tracing\Providers\IsTrackingOperationOnly","NAME NOT FOUND","Length: 16"
"2:58:19.9003504","wmiprvse.exe","9452","RegCloseKey","HKLM\SOFTWARE\Microsoft\Wbem\Tracing\Providers","SUCCESS",""
"2:58:19.9004323","wmiprvse.exe","9452","RegOpenKey","HKLM","SUCCESS","Desired Access: Maximum Allowed, Granted Access: Read"
"2:58:19.9004806","wmiprvse.exe","9452","RegQueryKey","HKLM","SUCCESS","Query: HandleTags, HandleTags: 0x0"
"2:58:19.9005576","wmiprvse.exe","9452","RegOpenKey","HKLM\Software\Microsoft\WBEM\Tracing\Providers\CIMWin32 @ root/CIMV2","SUCCESS","Desired Access: Maximum Allowed, Granted Access: All Access"
"2:58:19.9006122","wmiprvse.exe","9452","RegCloseKey","HKLM","SUCCESS",""
"2:58:19.9006606","wmiprvse.exe","9452","RegQueryValue","HKLM\SOFTWARE\Microsoft\Wbem\Tracing\Providers\CIMWin32 @ root/CIMV2\134194570999016907","NAME NOT FOUND","Length: 12"
"2:58:19.9007153","wmiprvse.exe","9452","RegSetValue","HKLM\SOFTWARE\Microsoft\Wbem\Tracing\Providers\CIMWin32 @ root/CIMV2\134194570999016907","SUCCESS","Type: REG_SZ, Length: 180, Data: ExecQueryAsync: select __RELPATH, CommandLine from Win32_Process where ProcessId = 145420"
"2:58:19.9010068","wmiprvse.exe","9452","RegCloseKey","HKLM\SOFTWARE\Microsoft\Wbem\Tracing\Providers\CIMWin32 @ root/CIMV2","SUCCESS",""
"2:58:20.0436615","wmiprvse.exe","9452","RegOpenKey","HKLM","SUCCESS","Desired Access: Maximum Allowed, Granted Access: Read"
"2:58:20.0438418","wmiprvse.exe","9452","RegQueryKey","HKLM","SUCCESS","Query: HandleTags, HandleTags: 0x0"
"2:58:20.0439943","wmiprvse.exe","9452","RegOpenKey","HKLM\Software\Microsoft\WBEM\Tracing\Providers\CIMWin32 @ root/CIMV2","SUCCESS","Desired Access: Maximum Allowed, Granted Access: All Access"
"2:58:20.0440717","wmiprvse.exe","9452","RegCloseKey","HKLM","SUCCESS",""
"2:58:20.0441551","wmiprvse.exe","9452","RegQueryKey","HKLM\SOFTWARE\Microsoft\Wbem\Tracing\Providers\CIMWin32 @ root/CIMV2","SUCCESS","Query: HandleTags, HandleTags: 0x0"
"2:58:20.0442245","wmiprvse.exe","9452","RegOpenKey","HKLM\SOFTWARE\Microsoft\Wbem\Tracing\Providers\CIMWin32 @ root/CIMV2","SUCCESS","Desired Access: Set Value"
"2:58:20.0442764","wmiprvse.exe","9452","RegDeleteValue","HKLM\SOFTWARE\Microsoft\Wbem\Tracing\Providers\CIMWin32 @ root/CIMV2\134194570991152205","SUCCESS",""
"2:58:20.0445631","wmiprvse.exe","9452","RegCloseKey","HKLM\SOFTWARE\Microsoft\Wbem\Tracing\Providers\CIMWin32 @ root/CIMV2","SUCCESS",""
"2:58:20.0445849","wmiprvse.exe","9452","RegCloseKey","HKLM\SOFTWARE\Microsoft\Wbem\Tracing\Providers\CIMWin32 @ root/CIMV2","SUCCESS",""
"2:58:20.1128170","wmiprvse.exe","9452","RegOpenKey","HKLM","SUCCESS","Desired Access: Maximum Allowed, Granted Access: Read"
"2:58:20.1128340","wmiprvse.exe","9452","RegQueryKey","HKLM","SUCCESS","Query: HandleTags, HandleTags: 0x0"
"2:58:20.1128470","wmiprvse.exe","9452","RegOpenKey","HKLM\Software\Microsoft\WBEM\Tracing\Providers\CIMWin32 @ root/CIMV2","SUCCESS","Desired Access: Maximum Allowed, Granted Access: All Access"
"2:58:20.1128644","wmiprvse.exe","9452","RegCloseKey","HKLM","SUCCESS",""
"2:58:20.1128792","wmiprvse.exe","9452","RegQueryKey","HKLM\SOFTWARE\Microsoft\Wbem\Tracing\Providers\CIMWin32 @ root/CIMV2","SUCCESS","Query: HandleTags, HandleTags: 0x0"
"2:58:20.1129130","wmiprvse.exe","9452","RegOpenKey","HKLM\SOFTWARE\Microsoft\Wbem\Tracing\Providers\CIMWin32 @ root/CIMV2","SUCCESS","Desired Access: Set Value"
"2:58:20.1129320","wmiprvse.exe","9452","RegDeleteValue","HKLM\SOFTWARE\Microsoft\Wbem\Tracing\Providers\CIMWin32 @ root/CIMV2\134194570991347089","SUCCESS",""
"2:58:20.1132323","wmiprvse.exe","9452","RegCloseKey","HKLM\SOFTWARE\Microsoft\Wbem\Tracing\Providers\CIMWin32 @ root/CIMV2","SUCCESS",""
"2:58:20.1132828","wmiprvse.exe","9452","RegCloseKey","HKLM\SOFTWARE\Microsoft\Wbem\Tracing\Providers\CIMWin32 @ root/CIMV2","SUCCESS",""
"2:58:20.1242939","wmiprvse.exe","9452","RegOpenKey","HKLM","SUCCESS","Desired Access: Maximum Allowed, Granted Access: Read"
"2:58:20.1243205","wmiprvse.exe","9452","RegQueryKey","HKLM","SUCCESS","Query: HandleTags, HandleTags: 0x0"
"2:58:20.1243393","wmiprvse.exe","9452","RegOpenKey","HKLM\Software\Microsoft\WBEM\Tracing\Providers\CIMWin32 @ root/CIMV2","SUCCESS","Desired Access: Maximum Allowed, Granted Access: All Access"
"2:58:20.1243889","wmiprvse.exe","9452","RegCloseKey","HKLM","SUCCESS",""
"2:58:20.1244109","wmiprvse.exe","9452","RegQueryKey","HKLM\SOFTWARE\Microsoft\Wbem\Tracing\Providers\CIMWin32 @ root/CIMV2","SUCCESS","Query: HandleTags, HandleTags: 0x0"
"2:58:20.1244307","wmiprvse.exe","9452","RegOpenKey","HKLM\SOFTWARE\Microsoft\Wbem\Tracing\Providers\CIMWin32 @ root/CIMV2","SUCCESS","Desired Access: Set Value"
"2:58:20.1244534","wmiprvse.exe","9452","RegDeleteValue","HKLM\SOFTWARE\Microsoft\Wbem\Tracing\Providers\CIMWin32 @ root/CIMV2\134194570991659763","SUCCESS",""
"2:58:20.1246949","wmiprvse.exe","9452","RegCloseKey","HKLM\SOFTWARE\Microsoft\Wbem\Tracing\Providers\CIMWin32 @ root/CIMV2","SUCCESS",""
"2:58:20.1247091","wmiprvse.exe","9452","RegCloseKey","HKLM\SOFTWARE\Microsoft\Wbem\Tracing\Providers\CIMWin32 @ root/CIMV2","SUCCESS",""
"2:58:20.3184092","wmiprvse.exe","9452","RegOpenKey","HKLM","SUCCESS","Desired Access: Maximum Allowed, Granted Access: Read"
"2:58:20.3184363","wmiprvse.exe","9452","RegQueryKey","HKLM","SUCCESS","Query: HandleTags, HandleTags: 0x0"
"2:58:20.3184535","wmiprvse.exe","9452","RegOpenKey","HKLM\Software\Microsoft\WBEM\Tracing\Providers","SUCCESS","Desired Access: Maximum Allowed, Granted Access: Read/Write, Delete"
"2:58:20.3184765","wmiprvse.exe","9452","RegCloseKey","HKLM","SUCCESS",""
"2:58:20.3184927","wmiprvse.exe","9452","RegQueryValue","HKLM\SOFTWARE\Microsoft\Wbem\Tracing\Providers\PerfLibEnabled","SUCCESS","Type: REG_DWORD, Length: 4, Data: 1"
"2:58:20.3185394","wmiprvse.exe","9452","RegQueryValue","HKLM\SOFTWARE\Microsoft\Wbem\Tracing\Providers\PerfLibInterval_ms","SUCCESS","Type: REG_DWORD, Length: 4, Data: 100"
"2:58:20.3185605","wmiprvse.exe","9452","RegQueryValue","HKLM\SOFTWARE\Microsoft\Wbem\Tracing\Providers\IsToCleanupTraces","SUCCESS","Type: REG_DWORD, Length: 4, Data: 1"
"2:58:20.3185758","wmiprvse.exe","9452","RegQueryValue","HKLM\SOFTWARE\Microsoft\Wbem\Tracing\Providers\IsTrackingOperationOnly","NAME NOT FOUND","Length: 16"
"2:58:20.3186126","wmiprvse.exe","9452","RegCloseKey","HKLM\SOFTWARE\Microsoft\Wbem\Tracing\Providers","SUCCESS",""
"2:58:20.3186390","wmiprvse.exe","9452","RegOpenKey","HKLM","SUCCESS","Desired Access: Maximum Allowed, Granted Access: Read"
"2:58:20.3186595","wmiprvse.exe","9452","RegQueryKey","HKLM","SUCCESS","Query: HandleTags, HandleTags: 0x0"
"2:58:20.3186756","wmiprvse.exe","9452","RegOpenKey","HKLM\Software\Microsoft\WBEM\Tracing\Providers\CIMWin32 @ root/CIMV2","SUCCESS","Desired Access: Maximum Allowed, Granted Access: All Access"
"2:58:20.3186979","wmiprvse.exe","9452","RegCloseKey","HKLM","SUCCESS",""
"2:58:20.3187140","wmiprvse.exe","9452","RegQueryValue","HKLM\SOFTWARE\Microsoft\Wbem\Tracing\Providers\CIMWin32 @ root/CIMV2\134194571003243019","NAME NOT FOUND","Length: 12"
"2:58:20.3187428","wmiprvse.exe","9452","RegSetValue","HKLM\SOFTWARE\Microsoft\Wbem\Tracing\Providers\CIMWin32 @ root/CIMV2\134194571003243019","SUCCESS","Type: REG_SZ, Length: 78, Data: CreateInstanceEnumAsync: Win32_Process"
"2:58:20.3190167","wmiprvse.exe","9452","RegCloseKey","HKLM\SOFTWARE\Microsoft\Wbem\Tracing\Providers\CIMWin32 @ root/CIMV2","SUCCESS",""
"2:58:20.5916065","wmiprvse.exe","9452","RegOpenKey","HKLM","SUCCESS","Desired Access: Maximum Allowed, Granted Access: Read"
"2:58:20.5916396","wmiprvse.exe","9452","RegQueryKey","HKLM","SUCCESS","Query: HandleTags, HandleTags: 0x0"
"2:58:20.5916527","wmiprvse.exe","9452","RegOpenKey","HKLM\Software\Microsoft\WBEM\Tracing\Providers\CIMWin32 @ root/CIMV2","SUCCESS","Desired Access: Maximum Allowed, Granted Access: All Access"
"2:58:20.5916737","wmiprvse.exe","9452","RegCloseKey","HKLM","SUCCESS",""
"2:58:20.5916904","wmiprvse.exe","9452","RegQueryKey","HKLM\SOFTWARE\Microsoft\Wbem\Tracing\Providers\CIMWin32 @ root/CIMV2","SUCCESS","Query: HandleTags, HandleTags: 0x0"
"2:58:20.5917052","wmiprvse.exe","9452","RegOpenKey","HKLM\SOFTWARE\Microsoft\Wbem\Tracing\Providers\CIMWin32 @ root/CIMV2","SUCCESS","Desired Access: Set Value"
"2:58:20.5917278","wmiprvse.exe","9452","RegDeleteValue","HKLM\SOFTWARE\Microsoft\Wbem\Tracing\Providers\CIMWin32 @ root/CIMV2\134194570999016907","SUCCESS",""
"2:58:20.5920193","wmiprvse.exe","9452","RegCloseKey","HKLM\SOFTWARE\Microsoft\Wbem\Tracing\Providers\CIMWin32 @ root/CIMV2","SUCCESS",""
"2:58:20.5920347","wmiprvse.exe","9452","RegCloseKey","HKLM\SOFTWARE\Microsoft\Wbem\Tracing\Providers\CIMWin32 @ root/CIMV2","SUCCESS",""
"2:58:20.5985303","wmiprvse.exe","9452","RegOpenKey","HKLM","SUCCESS","Desired Access: Maximum Allowed, Granted Access: Read"
"2:58:20.5985598","wmiprvse.exe","9452","RegQueryKey","HKLM","SUCCESS","Query: HandleTags, HandleTags: 0x0"
"2:58:20.5985806","wmiprvse.exe","9452","RegOpenKey","HKLM\Software\Microsoft\WBEM\Tracing\Providers","SUCCESS","Desired Access: Maximum Allowed, Granted Access: Read/Write, Delete"
"2:58:20.5986077","wmiprvse.exe","9452","RegCloseKey","HKLM","SUCCESS",""
"2:58:20.5986390","wmiprvse.exe","9452","RegQueryValue","HKLM\SOFTWARE\Microsoft\Wbem\Tracing\Providers\PerfLibEnabled","SUCCESS","Type: REG_DWORD, Length: 4, Data: 1"
"2:58:20.5986674","wmiprvse.exe","9452","RegQueryValue","HKLM\SOFTWARE\Microsoft\Wbem\Tracing\Providers\PerfLibInterval_ms","SUCCESS","Type: REG_DWORD, Length: 4, Data: 100"
"2:58:20.5986807","wmiprvse.exe","9452","RegQueryValue","HKLM\SOFTWARE\Microsoft\Wbem\Tracing\Providers\IsToCleanupTraces","SUCCESS","Type: REG_DWORD, Length: 4, Data: 1"
"2:58:20.5987043","wmiprvse.exe","9452","RegQueryValue","HKLM\SOFTWARE\Microsoft\Wbem\Tracing\Providers\IsTrackingOperationOnly","NAME NOT FOUND","Length: 16"
"2:58:20.5987255","wmiprvse.exe","9452","RegCloseKey","HKLM\SOFTWARE\Microsoft\Wbem\Tracing\Providers","SUCCESS",""
"2:58:20.5987435","wmiprvse.exe","9452","RegOpenKey","HKLM","SUCCESS","Desired Access: Maximum Allowed, Granted Access: Read"
"2:58:20.5987576","wmiprvse.exe","9452","RegQueryKey","HKLM","SUCCESS","Query: HandleTags, HandleTags: 0x0"
"2:58:20.5987689","wmiprvse.exe","9452","RegOpenKey","HKLM\Software\Microsoft\WBEM\Tracing\Providers\CIMWin32 @ root/CIMV2","SUCCESS","Desired Access: Maximum Allowed, Granted Access: All Access"
"2:58:20.5987863","wmiprvse.exe","9452","RegCloseKey","HKLM","SUCCESS",""
"2:58:20.5987968","wmiprvse.exe","9452","RegQueryValue","HKLM\SOFTWARE\Microsoft\Wbem\Tracing\Providers\CIMWin32 @ root/CIMV2\134194571006051185","NAME NOT FOUND","Length: 12"
"2:58:20.5988148","wmiprvse.exe","9452","RegSetValue","HKLM\SOFTWARE\Microsoft\Wbem\Tracing\Providers\CIMWin32 @ root/CIMV2\134194571006051185","SUCCESS","Type: REG_SZ, Length: 180, Data: ExecQueryAsync: select __RELPATH, CommandLine from Win32_Process where ProcessId = 145420"
"2:58:20.5990737","wmiprvse.exe","9452","RegCloseKey","HKLM\SOFTWARE\Microsoft\Wbem\Tracing\Providers\CIMWin32 @ root/CIMV2","SUCCESS",""
"2:58:21.0605680","wmiprvse.exe","9452","RegOpenKey","HKLM","SUCCESS","Desired Access: Maximum Allowed, Granted Access: Read"
"2:58:21.0605932","wmiprvse.exe","9452","RegQueryKey","HKLM","SUCCESS","Query: HandleTags, HandleTags: 0x0"
"2:58:21.0606119","wmiprvse.exe","9452","RegOpenKey","HKLM\Software\Microsoft\WBEM\Tracing\Providers","SUCCESS","Desired Access: Maximum Allowed, Granted Access: Read/Write, Delete"
"2:58:21.0606332","wmiprvse.exe","9452","RegCloseKey","HKLM","SUCCESS",""
"2:58:21.0606499","wmiprvse.exe","9452","RegQueryValue","HKLM\SOFTWARE\Microsoft\Wbem\Tracing\Providers\PerfLibEnabled","SUCCESS","Type: REG_DWORD, Length: 4, Data: 1"
"2:58:21.0606679","wmiprvse.exe","9452","RegQueryValue","HKLM\SOFTWARE\Microsoft\Wbem\Tracing\Providers\PerfLibInterval_ms","SUCCESS","Type: REG_DWORD, Length: 4, Data: 100"
"2:58:21.0606818","wmiprvse.exe","9452","RegQueryValue","HKLM\SOFTWARE\Microsoft\Wbem\Tracing\Providers\IsToCleanupTraces","SUCCESS","Type: REG_DWORD, Length: 4, Data: 1"
"2:58:21.0606957","wmiprvse.exe","9452","RegQueryValue","HKLM\SOFTWARE\Microsoft\Wbem\Tracing\Providers\IsTrackingOperationOnly","NAME NOT FOUND","Length: 16"
"2:58:21.0607131","wmiprvse.exe","9452","RegCloseKey","HKLM\SOFTWARE\Microsoft\Wbem\Tracing\Providers","SUCCESS",""
"2:58:21.0607301","wmiprvse.exe","9452","RegOpenKey","HKLM","SUCCESS","Desired Access: Maximum Allowed, Granted Access: Read"
"2:58:21.0607457","wmiprvse.exe","9452","RegQueryKey","HKLM","SUCCESS","Query: HandleTags, HandleTags: 0x0"
"2:58:21.0607601","wmiprvse.exe","9452","RegOpenKey","HKLM\Software\Microsoft\WBEM\Tracing\Providers\CIMWin32 @ root/CIMV2","SUCCESS","Desired Access: Maximum Allowed, Granted Access: All Access"
"2:58:21.0607784","wmiprvse.exe","9452","RegCloseKey","HKLM","SUCCESS",""
"2:58:21.0607922","wmiprvse.exe","9452","RegQueryValue","HKLM\SOFTWARE\Microsoft\Wbem\Tracing\Providers\CIMWin32 @ root/CIMV2\134194571010663344","NAME NOT FOUND","Length: 12"
"2:58:21.0608148","wmiprvse.exe","9452","RegSetValue","HKLM\SOFTWARE\Microsoft\Wbem\Tracing\Providers\CIMWin32 @ root/CIMV2\134194571010663344","SUCCESS","Type: REG_SZ, Length: 78, Data: CreateInstanceEnumAsync: Win32_Process"
"2:58:21.0610708","wmiprvse.exe","9452","RegCloseKey","HKLM\SOFTWARE\Microsoft\Wbem\Tracing\Providers\CIMWin32 @ root/CIMV2","SUCCESS",""
"2:58:21.0937591","wmiprvse.exe","9452","RegOpenKey","HKLM","SUCCESS","Desired Access: Maximum Allowed, Granted Access: Read"
"2:58:21.0937831","wmiprvse.exe","9452","RegQueryKey","HKLM","SUCCESS","Query: HandleTags, HandleTags: 0x0"
"2:58:21.0938062","wmiprvse.exe","9452","RegOpenKey","HKLM\Software\Microsoft\WBEM\Tracing\Providers\CIMWin32 @ root/CIMV2","SUCCESS","Desired Access: Maximum Allowed, Granted Access: All Access"
"2:58:21.0938303","wmiprvse.exe","9452","RegCloseKey","HKLM","SUCCESS",""
"2:58:21.0938497","wmiprvse.exe","9452","RegQueryKey","HKLM\SOFTWARE\Microsoft\Wbem\Tracing\Providers\CIMWin32 @ root/CIMV2","SUCCESS","Query: HandleTags, HandleTags: 0x0"
"2:58:21.0938656","wmiprvse.exe","9452","RegOpenKey","HKLM\SOFTWARE\Microsoft\Wbem\Tracing\Providers\CIMWin32 @ root/CIMV2","SUCCESS","Desired Access: Set Value"
"2:58:21.0938871","wmiprvse.exe","9452","RegDeleteValue","HKLM\SOFTWARE\Microsoft\Wbem\Tracing\Providers\CIMWin32 @ root/CIMV2\134194571003243019","SUCCESS",""
"2:58:21.0941385","wmiprvse.exe","9452","RegCloseKey","HKLM\SOFTWARE\Microsoft\Wbem\Tracing\Providers\CIMWin32 @ root/CIMV2","SUCCESS",""
"2:58:21.0941635","wmiprvse.exe","9452","RegCloseKey","HKLM\SOFTWARE\Microsoft\Wbem\Tracing\Providers\CIMWin32 @ root/CIMV2","SUCCESS",""
"2:58:21.1206431","wmiprvse.exe","9452","RegOpenKey","HKLM","SUCCESS","Desired Access: Maximum Allowed, Granted Access: Read"
"2:58:21.1206628","wmiprvse.exe","9452","RegQueryKey","HKLM","SUCCESS","Query: HandleTags, HandleTags: 0x0"
"2:58:21.1206750","wmiprvse.exe","9452","RegOpenKey","HKLM\Software\Microsoft\WBEM\Tracing\Providers","SUCCESS","Desired Access: Maximum Allowed, Granted Access: Read/Write, Delete"
"2:58:21.1206911","wmiprvse.exe","9452","RegCloseKey","HKLM","SUCCESS",""
"2:58:21.1207029","wmiprvse.exe","9452","RegQueryValue","HKLM\SOFTWARE\Microsoft\Wbem\Tracing\Providers\PerfLibEnabled","SUCCESS","Type: REG_DWORD, Length: 4, Data: 1"
"2:58:21.1207141","wmiprvse.exe","9452","RegQueryValue","HKLM\SOFTWARE\Microsoft\Wbem\Tracing\Providers\PerfLibInterval_ms","SUCCESS","Type: REG_DWORD, Length: 4, Data: 100"
"2:58:21.1207235","wmiprvse.exe","9452","RegQueryValue","HKLM\SOFTWARE\Microsoft\Wbem\Tracing\Providers\IsToCleanupTraces","SUCCESS","Type: REG_DWORD, Length: 4, Data: 1"
"2:58:21.1207325","wmiprvse.exe","9452","RegQueryValue","HKLM\SOFTWARE\Microsoft\Wbem\Tracing\Providers\IsTrackingOperationOnly","NAME NOT FOUND","Length: 16"
"2:58:21.1207438","wmiprvse.exe","9452","RegCloseKey","HKLM\SOFTWARE\Microsoft\Wbem\Tracing\Providers","SUCCESS",""
"2:58:21.1207546","wmiprvse.exe","9452","RegOpenKey","HKLM","SUCCESS","Desired Access: Maximum Allowed, Granted Access: Read"
"2:58:21.1207643","wmiprvse.exe","9452","RegQueryKey","HKLM","SUCCESS","Query: HandleTags, HandleTags: 0x0"
"2:58:21.1207732","wmiprvse.exe","9452","RegOpenKey","HKLM\Software\Microsoft\WBEM\Tracing\Providers\CIMWin32 @ root/CIMV2","SUCCESS","Desired Access: Maximum Allowed, Granted Access: All Access"
"2:58:21.1207860","wmiprvse.exe","9452","RegCloseKey","HKLM","SUCCESS",""
"2:58:21.1207954","wmiprvse.exe","9452","RegQueryValue","HKLM\SOFTWARE\Microsoft\Wbem\Tracing\Providers\CIMWin32 @ root/CIMV2\134194571011274558","NAME NOT FOUND","Length: 12"
"2:58:21.1208150","wmiprvse.exe","9452","RegSetValue","HKLM\SOFTWARE\Microsoft\Wbem\Tracing\Providers\CIMWin32 @ root/CIMV2\134194571011274558","SUCCESS","Type: REG_SZ, Length: 78, Data: CreateInstanceEnumAsync: Win32_Process"
"2:58:21.1210734","wmiprvse.exe","9452","RegCloseKey","HKLM\SOFTWARE\Microsoft\Wbem\Tracing\Providers\CIMWin32 @ root/CIMV2","SUCCESS",""
"2:58:21.1306499","wmiprvse.exe","9452","RegOpenKey","HKLM","SUCCESS","Desired Access: Maximum Allowed, Granted Access: Read"
"2:58:21.1306800","wmiprvse.exe","9452","RegQueryKey","HKLM","SUCCESS","Query: HandleTags, HandleTags: 0x0"
"2:58:21.1306997","wmiprvse.exe","9452","RegOpenKey","HKLM\Software\Microsoft\WBEM\Tracing\Providers","SUCCESS","Desired Access: Maximum Allowed, Granted Access: Read/Write, Delete"
"2:58:21.1307268","wmiprvse.exe","9452","RegCloseKey","HKLM","SUCCESS",""
"2:58:21.1307448","wmiprvse.exe","9452","RegQueryValue","HKLM\SOFTWARE\Microsoft\Wbem\Tracing\Providers\PerfLibEnabled","SUCCESS","Type: REG_DWORD, Length: 4, Data: 1"
"2:58:21.1307638","wmiprvse.exe","9452","RegQueryValue","HKLM\SOFTWARE\Microsoft\Wbem\Tracing\Providers\PerfLibInterval_ms","SUCCESS","Type: REG_DWORD, Length: 4, Data: 100"
"2:58:21.1307787","wmiprvse.exe","9452","RegQueryValue","HKLM\SOFTWARE\Microsoft\Wbem\Tracing\Providers\IsToCleanupTraces","SUCCESS","Type: REG_DWORD, Length: 4, Data: 1"
"2:58:21.1307943","wmiprvse.exe","9452","RegQueryValue","HKLM\SOFTWARE\Microsoft\Wbem\Tracing\Providers\IsTrackingOperationOnly","NAME NOT FOUND","Length: 16"
"2:58:21.1308133","wmiprvse.exe","9452","RegCloseKey","HKLM\SOFTWARE\Microsoft\Wbem\Tracing\Providers","SUCCESS",""
"2:58:21.1308355","wmiprvse.exe","9452","RegOpenKey","HKLM","SUCCESS","Desired Access: Maximum Allowed, Granted Access: Read"
"2:58:21.1308552","wmiprvse.exe","9452","RegQueryKey","HKLM","SUCCESS","Query: HandleTags, HandleTags: 0x0"
"2:58:21.1308741","wmiprvse.exe","9452","RegOpenKey","HKLM\Software\Microsoft\WBEM\Tracing\Providers\CIMWin32 @ root/CIMV2","SUCCESS","Desired Access: Maximum Allowed, Granted Access: All Access"
"2:58:21.1308964","wmiprvse.exe","9452","RegCloseKey","HKLM","SUCCESS",""
"2:58:21.1309130","wmiprvse.exe","9452","RegQueryValue","HKLM\SOFTWARE\Microsoft\Wbem\Tracing\Providers\CIMWin32 @ root/CIMV2\134194571011364913","NAME NOT FOUND","Length: 12"
"2:58:21.1309370","wmiprvse.exe","9452","RegSetValue","HKLM\SOFTWARE\Microsoft\Wbem\Tracing\Providers\CIMWin32 @ root/CIMV2\134194571011364913","SUCCESS","Type: REG_SZ, Length: 78, Data: CreateInstanceEnumAsync: Win32_Process"
"2:58:21.1312259","wmiprvse.exe","9452","RegCloseKey","HKLM\SOFTWARE\Microsoft\Wbem\Tracing\Providers\CIMWin32 @ root/CIMV2","SUCCESS",""
"2:58:21.3096354","wmiprvse.exe","9452","RegOpenKey","HKLM","SUCCESS","Desired Access: Maximum Allowed, Granted Access: Read"
"2:58:21.3096682","wmiprvse.exe","9452","RegQueryKey","HKLM","SUCCESS","Query: HandleTags, HandleTags: 0x0"
"2:58:21.3096864","wmiprvse.exe","9452","RegOpenKey","HKLM\Software\Microsoft\WBEM\Tracing\Providers\CIMWin32 @ root/CIMV2","SUCCESS","Desired Access: Maximum Allowed, Granted Access: All Access"
"2:58:21.3097122","wmiprvse.exe","9452","RegCloseKey","HKLM","SUCCESS",""
"2:58:21.3097265","wmiprvse.exe","9452","RegQueryKey","HKLM\SOFTWARE\Microsoft\Wbem\Tracing\Providers\CIMWin32 @ root/CIMV2","SUCCESS","Query: HandleTags, HandleTags: 0x0"
"2:58:21.3097402","wmiprvse.exe","9452","RegOpenKey","HKLM\SOFTWARE\Microsoft\Wbem\Tracing\Providers\CIMWin32 @ root/CIMV2","SUCCESS","Desired Access: Set Value"
"2:58:21.3097578","wmiprvse.exe","9452","RegDeleteValue","HKLM\SOFTWARE\Microsoft\Wbem\Tracing\Providers\CIMWin32 @ root/CIMV2\134194571006051185","SUCCESS",""
"2:58:21.3100162","wmiprvse.exe","9452","RegCloseKey","HKLM\SOFTWARE\Microsoft\Wbem\Tracing\Providers\CIMWin32 @ root/CIMV2","SUCCESS",""
"2:58:21.3100318","wmiprvse.exe","9452","RegCloseKey","HKLM\SOFTWARE\Microsoft\Wbem\Tracing\Providers\CIMWin32 @ root/CIMV2","SUCCESS",""
"2:58:21.9680116","wmiprvse.exe","9452","RegOpenKey","HKLM","SUCCESS","Desired Access: Maximum Allowed, Granted Access: Read"
"2:58:21.9680393","wmiprvse.exe","9452","RegQueryKey","HKLM","SUCCESS","Query: HandleTags, HandleTags: 0x0"
"2:58:21.9680569","wmiprvse.exe","9452","RegOpenKey","HKLM\Software\Microsoft\WBEM\Tracing\Providers\CIMWin32 @ root/CIMV2","SUCCESS","Desired Access: Maximum Allowed, Granted Access: All Access"
"2:58:21.9680789","wmiprvse.exe","9452","RegCloseKey","HKLM","SUCCESS",""
"2:58:21.9680961","wmiprvse.exe","9452","RegQueryKey","HKLM\SOFTWARE\Microsoft\Wbem\Tracing\Providers\CIMWin32 @ root/CIMV2","SUCCESS","Query: HandleTags, HandleTags: 0x0"
"2:58:21.9681445","wmiprvse.exe","9452","RegOpenKey","HKLM\SOFTWARE\Microsoft\Wbem\Tracing\Providers\CIMWin32 @ root/CIMV2","SUCCESS","Desired Access: Set Value"
"2:58:21.9681821","wmiprvse.exe","9452","RegDeleteValue","HKLM\SOFTWARE\Microsoft\Wbem\Tracing\Providers\CIMWin32 @ root/CIMV2\134194571010663344","SUCCESS",""
"2:58:21.9684399","wmiprvse.exe","9452","RegCloseKey","HKLM\SOFTWARE\Microsoft\Wbem\Tracing\Providers\CIMWin32 @ root/CIMV2","SUCCESS",""
"2:58:21.9684904","wmiprvse.exe","9452","RegCloseKey","HKLM\SOFTWARE\Microsoft\Wbem\Tracing\Providers\CIMWin32 @ root/CIMV2","SUCCESS",""
"2:58:22.0120856","wmiprvse.exe","9452","RegOpenKey","HKLM","SUCCESS","Desired Access: Maximum Allowed, Granted Access: Read"
"2:58:22.0121328","wmiprvse.exe","9452","RegQueryKey","HKLM","SUCCESS","Query: HandleTags, HandleTags: 0x0"
"2:58:22.0121499","wmiprvse.exe","9452","RegOpenKey","HKLM\Software\Microsoft\WBEM\Tracing\Providers\CIMWin32 @ root/CIMV2","SUCCESS","Desired Access: Maximum Allowed, Granted Access: All Access"
"2:58:22.0121668","wmiprvse.exe","9452","RegCloseKey","HKLM","SUCCESS",""
"2:58:22.0121881","wmiprvse.exe","9452","RegQueryKey","HKLM\SOFTWARE\Microsoft\Wbem\Tracing\Providers\CIMWin32 @ root/CIMV2","SUCCESS","Query: HandleTags, HandleTags: 0x0"
"2:58:22.0122053","wmiprvse.exe","9452","RegOpenKey","HKLM\SOFTWARE\Microsoft\Wbem\Tracing\Providers\CIMWin32 @ root/CIMV2","SUCCESS","Desired Access: Set Value"
"2:58:22.0122249","wmiprvse.exe","9452","RegDeleteValue","HKLM\SOFTWARE\Microsoft\Wbem\Tracing\Providers\CIMWin32 @ root/CIMV2\134194571011274558","SUCCESS",""
"2:58:22.0127055","wmiprvse.exe","9452","RegCloseKey","HKLM\SOFTWARE\Microsoft\Wbem\Tracing\Providers\CIMWin32 @ root/CIMV2","SUCCESS",""
"2:58:22.0127247","wmiprvse.exe","9452","RegCloseKey","HKLM\SOFTWARE\Microsoft\Wbem\Tracing\Providers\CIMWin32 @ root/CIMV2","SUCCESS",""
"2:58:22.0185539","wmiprvse.exe","9452","RegOpenKey","HKLM","SUCCESS","Desired Access: Maximum Allowed, Granted Access: Read"
"2:58:22.0185733","wmiprvse.exe","9452","RegQueryKey","HKLM","SUCCESS","Query: HandleTags, HandleTags: 0x0"
"2:58:22.0185904","wmiprvse.exe","9452","RegOpenKey","HKLM\Software\Microsoft\WBEM\Tracing\Providers\CIMWin32 @ root/CIMV2","SUCCESS","Desired Access: Maximum Allowed, Granted Access: All Access"
"2:58:22.0186112","wmiprvse.exe","9452","RegCloseKey","HKLM","SUCCESS",""
"2:58:22.0186274","wmiprvse.exe","9452","RegQueryKey","HKLM\SOFTWARE\Microsoft\Wbem\Tracing\Providers\CIMWin32 @ root/CIMV2","SUCCESS","Query: HandleTags, HandleTags: 0x0"
"2:58:22.0186431","wmiprvse.exe","9452","RegOpenKey","HKLM\SOFTWARE\Microsoft\Wbem\Tracing\Providers\CIMWin32 @ root/CIMV2","SUCCESS","Desired Access: Set Value"
"2:58:22.0186626","wmiprvse.exe","9452","RegDeleteValue","HKLM\SOFTWARE\Microsoft\Wbem\Tracing\Providers\CIMWin32 @ root/CIMV2\134194571011364913","SUCCESS",""
"2:58:22.0188931","wmiprvse.exe","9452","RegCloseKey","HKLM\SOFTWARE\Microsoft\Wbem\Tracing\Providers\CIMWin32 @ root/CIMV2","SUCCESS",""
"2:58:22.0189097","wmiprvse.exe","9452","RegCloseKey","HKLM\SOFTWARE\Microsoft\Wbem\Tracing\Providers\CIMWin32 @ root/CIMV2","SUCCESS",""
"2:58:22.1034362","wmiprvse.exe","9452","RegOpenKey","HKLM","SUCCESS","Desired Access: Maximum Allowed, Granted Access: Read"
"2:58:22.1034654","wmiprvse.exe","9452","RegQueryKey","HKLM","SUCCESS","Query: HandleTags, HandleTags: 0x0"
"2:58:22.1034840","wmiprvse.exe","9452","RegOpenKey","HKLM\Software\Microsoft\WBEM\Tracing\Providers","SUCCESS","Desired Access: Maximum Allowed, Granted Access: Read/Write, Delete"
"2:58:22.1035087","wmiprvse.exe","9452","RegCloseKey","HKLM","SUCCESS",""
"2:58:22.1035279","wmiprvse.exe","9452","RegQueryValue","HKLM\SOFTWARE\Microsoft\Wbem\Tracing\Providers\PerfLibEnabled","SUCCESS","Type: REG_DWORD, Length: 4, Data: 1"
"2:58:22.1035460","wmiprvse.exe","9452","RegQueryValue","HKLM\SOFTWARE\Microsoft\Wbem\Tracing\Providers\PerfLibInterval_ms","SUCCESS","Type: REG_DWORD, Length: 4, Data: 100"
"2:58:22.1035616","wmiprvse.exe","9452","RegQueryValue","HKLM\SOFTWARE\Microsoft\Wbem\Tracing\Providers\IsToCleanupTraces","SUCCESS","Type: REG_DWORD, Length: 4, Data: 1"
"2:58:22.1035767","wmiprvse.exe","9452","RegQueryValue","HKLM\SOFTWARE\Microsoft\Wbem\Tracing\Providers\IsTrackingOperationOnly","NAME NOT FOUND","Length: 16"
"2:58:22.1035953","wmiprvse.exe","9452","RegCloseKey","HKLM\SOFTWARE\Microsoft\Wbem\Tracing\Providers","SUCCESS",""
"2:58:22.1036192","wmiprvse.exe","9452","RegOpenKey","HKLM","SUCCESS","Desired Access: Maximum Allowed, Granted Access: Read"
"2:58:22.1036395","wmiprvse.exe","9452","RegQueryKey","HKLM","SUCCESS","Query: HandleTags, HandleTags: 0x0"
"2:58:22.1036563","wmiprvse.exe","9452","RegOpenKey","HKLM\Software\Microsoft\WBEM\Tracing\Providers\CIMWin32 @ root/CIMV2","SUCCESS","Desired Access: Maximum Allowed, Granted Access: All Access"
"2:58:22.1036773","wmiprvse.exe","9452","RegCloseKey","HKLM","SUCCESS",""
"2:58:22.1036920","wmiprvse.exe","9452","RegQueryValue","HKLM\SOFTWARE\Microsoft\Wbem\Tracing\Providers\CIMWin32 @ root/CIMV2\134194571021097777","NAME NOT FOUND","Length: 12"
"2:58:22.1037146","wmiprvse.exe","9452","RegSetValue","HKLM\SOFTWARE\Microsoft\Wbem\Tracing\Providers\CIMWin32 @ root/CIMV2\134194571021097777","SUCCESS","Type: REG_SZ, Length: 78, Data: CreateInstanceEnumAsync: Win32_Process"
"2:58:22.1039946","wmiprvse.exe","9452","RegCloseKey","HKLM\SOFTWARE\Microsoft\Wbem\Tracing\Providers\CIMWin32 @ root/CIMV2","SUCCESS",""
"2:58:22.8318228","wmiprvse.exe","9452","RegOpenKey","HKLM","SUCCESS","Desired Access: Maximum Allowed, Granted Access: Read"
"2:58:22.8318439","wmiprvse.exe","9452","RegQueryKey","HKLM","SUCCESS","Query: HandleTags, HandleTags: 0x0"
"2:58:22.8318621","wmiprvse.exe","9452","RegOpenKey","HKLM\Software\Microsoft\WBEM\Tracing\Providers\CIMWin32 @ root/CIMV2","SUCCESS","Desired Access: Maximum Allowed, Granted Access: All Access"
"2:58:22.8318792","wmiprvse.exe","9452","RegCloseKey","HKLM","SUCCESS",""
"2:58:22.8318910","wmiprvse.exe","9452","RegQueryKey","HKLM\SOFTWARE\Microsoft\Wbem\Tracing\Providers\CIMWin32 @ root/CIMV2","SUCCESS","Query: HandleTags, HandleTags: 0x0"
"2:58:22.8319018","wmiprvse.exe","9452","RegOpenKey","HKLM\SOFTWARE\Microsoft\Wbem\Tracing\Providers\CIMWin32 @ root/CIMV2","SUCCESS","Desired Access: Set Value"
"2:58:22.8319159","wmiprvse.exe","9452","RegDeleteValue","HKLM\SOFTWARE\Microsoft\Wbem\Tracing\Providers\CIMWin32 @ root/CIMV2\134194571021097777","SUCCESS",""
"2:58:22.8321932","wmiprvse.exe","9452","RegCloseKey","HKLM\SOFTWARE\Microsoft\Wbem\Tracing\Providers\CIMWin32 @ root/CIMV2","SUCCESS",""
"2:58:22.8322368","wmiprvse.exe","9452","RegCloseKey","HKLM\SOFTWARE\Microsoft\Wbem\Tracing\Providers\CIMWin32 @ root/CIMV2","SUCCESS",""
"2:58:22.9478371","wmiprvse.exe","9452","RegOpenKey","HKLM","SUCCESS","Desired Access: Maximum Allowed, Granted Access: Read"
"2:58:22.9478700","wmiprvse.exe","9452","RegQueryKey","HKLM","SUCCESS","Query: HandleTags, HandleTags: 0x0"
"2:58:22.9478943","wmiprvse.exe","9452","RegOpenKey","HKLM\Software\Microsoft\WBEM\Tracing\Providers","SUCCESS","Desired Access: Maximum Allowed, Granted Access: Read/Write, Delete"
"2:58:22.9479219","wmiprvse.exe","9452","RegCloseKey","HKLM","SUCCESS",""
"2:58:22.9479437","wmiprvse.exe","9452","RegQueryValue","HKLM\SOFTWARE\Microsoft\Wbem\Tracing\Providers\PerfLibEnabled","SUCCESS","Type: REG_DWORD, Length: 4, Data: 1"
"2:58:22.9479642","wmiprvse.exe","9452","RegQueryValue","HKLM\SOFTWARE\Microsoft\Wbem\Tracing\Providers\PerfLibInterval_ms","SUCCESS","Type: REG_DWORD, Length: 4, Data: 100"
"2:58:22.9479810","wmiprvse.exe","9452","RegQueryValue","HKLM\SOFTWARE\Microsoft\Wbem\Tracing\Providers\IsToCleanupTraces","SUCCESS","Type: REG_DWORD, Length: 4, Data: 1"
"2:58:22.9479980","wmiprvse.exe","9452","RegQueryValue","HKLM\SOFTWARE\Microsoft\Wbem\Tracing\Providers\IsTrackingOperationOnly","NAME NOT FOUND","Length: 16"
"2:58:22.9480188","wmiprvse.exe","9452","RegCloseKey","HKLM\SOFTWARE\Microsoft\Wbem\Tracing\Providers","SUCCESS",""
"2:58:22.9480423","wmiprvse.exe","9452","RegOpenKey","HKLM","SUCCESS","Desired Access: Maximum Allowed, Granted Access: Read"
"2:58:22.9480631","wmiprvse.exe","9452","RegQueryKey","HKLM","SUCCESS","Query: HandleTags, HandleTags: 0x0"
"2:58:22.9480827","wmiprvse.exe","9452","RegOpenKey","HKLM\Software\Microsoft\WBEM\Tracing\Providers\CIMWin32 @ root/CIMV2","SUCCESS","Desired Access: Maximum Allowed, Granted Access: All Access"
"2:58:22.9481111","wmiprvse.exe","9452","RegCloseKey","HKLM","SUCCESS",""
"2:58:22.9481338","wmiprvse.exe","9452","RegQueryValue","HKLM\SOFTWARE\Microsoft\Wbem\Tracing\Providers\CIMWin32 @ root/CIMV2\134194571029542043","NAME NOT FOUND","Length: 12"
"2:58:22.9481788","wmiprvse.exe","9452","RegSetValue","HKLM\SOFTWARE\Microsoft\Wbem\Tracing\Providers\CIMWin32 @ root/CIMV2\134194571029542043","SUCCESS","Type: REG_SZ, Length: 78, Data: CreateInstanceEnumAsync: Win32_Process"
"2:58:22.9484343","wmiprvse.exe","9452","RegCloseKey","HKLM\SOFTWARE\Microsoft\Wbem\Tracing\Providers\CIMWin32 @ root/CIMV2","SUCCESS",""
"2:58:22.9773537","wmiprvse.exe","9452","RegOpenKey","HKLM","SUCCESS","Desired Access: Maximum Allowed, Granted Access: Read"
"2:58:22.9773738","wmiprvse.exe","9452","RegQueryKey","HKLM","SUCCESS","Query: HandleTags, HandleTags: 0x0"
"2:58:22.9773859","wmiprvse.exe","9452","RegOpenKey","HKLM\Software\Microsoft\WBEM\Tracing\Providers","SUCCESS","Desired Access: Maximum Allowed, Granted Access: Read/Write, Delete"
"2:58:22.9774041","wmiprvse.exe","9452","RegCloseKey","HKLM","SUCCESS",""
"2:58:22.9774372","wmiprvse.exe","9452","RegQueryValue","HKLM\SOFTWARE\Microsoft\Wbem\Tracing\Providers\PerfLibEnabled","SUCCESS","Type: REG_DWORD, Length: 4, Data: 1"
"2:58:22.9774842","wmiprvse.exe","9452","RegQueryValue","HKLM\SOFTWARE\Microsoft\Wbem\Tracing\Providers\PerfLibInterval_ms","SUCCESS","Type: REG_DWORD, Length: 4, Data: 100"
"2:58:22.9775047","wmiprvse.exe","9452","RegQueryValue","HKLM\SOFTWARE\Microsoft\Wbem\Tracing\Providers\IsToCleanupTraces","SUCCESS","Type: REG_DWORD, Length: 4, Data: 1"
"2:58:22.9775198","wmiprvse.exe","9452","RegQueryValue","HKLM\SOFTWARE\Microsoft\Wbem\Tracing\Providers\IsTrackingOperationOnly","NAME NOT FOUND","Length: 16"
"2:58:22.9775378","wmiprvse.exe","9452","RegCloseKey","HKLM\SOFTWARE\Microsoft\Wbem\Tracing\Providers","SUCCESS",""
"2:58:22.9775587","wmiprvse.exe","9452","RegOpenKey","HKLM","SUCCESS","Desired Access: Maximum Allowed, Granted Access: Read"
"2:58:22.9775795","wmiprvse.exe","9452","RegQueryKey","HKLM","SUCCESS","Query: HandleTags, HandleTags: 0x0"
"2:58:22.9775942","wmiprvse.exe","9452","RegOpenKey","HKLM\Software\Microsoft\WBEM\Tracing\Providers\CIMWin32 @ root/CIMV2","SUCCESS","Desired Access: Maximum Allowed, Granted Access: All Access"
"2:58:22.9776179","wmiprvse.exe","9452","RegCloseKey","HKLM","SUCCESS",""
"2:58:22.9776322","wmiprvse.exe","9452","RegQueryValue","HKLM\SOFTWARE\Microsoft\Wbem\Tracing\Providers\CIMWin32 @ root/CIMV2\134194571029833704","NAME NOT FOUND","Length: 12"
"2:58:22.9776558","wmiprvse.exe","9452","RegSetValue","HKLM\SOFTWARE\Microsoft\Wbem\Tracing\Providers\CIMWin32 @ root/CIMV2\134194571029833704","SUCCESS","Type: REG_SZ, Length: 78, Data: CreateInstanceEnumAsync: Win32_Process"
"2:58:22.9779321","wmiprvse.exe","9452","RegCloseKey","HKLM\SOFTWARE\Microsoft\Wbem\Tracing\Providers\CIMWin32 @ root/CIMV2","SUCCESS",""
"2:58:23.0179967","wmiprvse.exe","9452","RegOpenKey","HKLM","SUCCESS","Desired Access: Maximum Allowed, Granted Access: Read"
"2:58:23.0180176","wmiprvse.exe","9452","RegQueryKey","HKLM","SUCCESS","Query: HandleTags, HandleTags: 0x0"
"2:58:23.0180306","wmiprvse.exe","9452","RegOpenKey","HKLM\Software\Microsoft\WBEM\Tracing\Providers","SUCCESS","Desired Access: Maximum Allowed, Granted Access: Read/Write, Delete"
"2:58:23.0180497","wmiprvse.exe","9452","RegCloseKey","HKLM","SUCCESS",""
"2:58:23.0180624","wmiprvse.exe","9452","RegQueryValue","HKLM\SOFTWARE\Microsoft\Wbem\Tracing\Providers\PerfLibEnabled","SUCCESS","Type: REG_DWORD, Length: 4, Data: 1"
"2:58:23.0180747","wmiprvse.exe","9452","RegQueryValue","HKLM\SOFTWARE\Microsoft\Wbem\Tracing\Providers\PerfLibInterval_ms","SUCCESS","Type: REG_DWORD, Length: 4, Data: 100"
"2:58:23.0180840","wmiprvse.exe","9452","RegQueryValue","HKLM\SOFTWARE\Microsoft\Wbem\Tracing\Providers\IsToCleanupTraces","SUCCESS","Type: REG_DWORD, Length: 4, Data: 1"
"2:58:23.0180933","wmiprvse.exe","9452","RegQueryValue","HKLM\SOFTWARE\Microsoft\Wbem\Tracing\Providers\IsTrackingOperationOnly","NAME NOT FOUND","Length: 16"
"2:58:23.0181052","wmiprvse.exe","9452","RegCloseKey","HKLM\SOFTWARE\Microsoft\Wbem\Tracing\Providers","SUCCESS",""
"2:58:23.0181168","wmiprvse.exe","9452","RegOpenKey","HKLM","SUCCESS","Desired Access: Maximum Allowed, Granted Access: Read"
"2:58:23.0181271","wmiprvse.exe","9452","RegQueryKey","HKLM","SUCCESS","Query: HandleTags, HandleTags: 0x0"
"2:58:23.0181368","wmiprvse.exe","9452","RegOpenKey","HKLM\Software\Microsoft\WBEM\Tracing\Providers\CIMWin32 @ root/CIMV2","SUCCESS","Desired Access: Maximum Allowed, Granted Access: All Access"
"2:58:23.0181498","wmiprvse.exe","9452","RegCloseKey","HKLM","SUCCESS",""
"2:58:23.0181597","wmiprvse.exe","9452","RegQueryValue","HKLM\SOFTWARE\Microsoft\Wbem\Tracing\Providers\CIMWin32 @ root/CIMV2\134194571030236829","NAME NOT FOUND","Length: 12"
"2:58:23.0181732","wmiprvse.exe","9452","RegSetValue","HKLM\SOFTWARE\Microsoft\Wbem\Tracing\Providers\CIMWin32 @ root/CIMV2\134194571030236829","SUCCESS","Type: REG_SZ, Length: 78, Data: CreateInstanceEnumAsync: Win32_Process"
"2:58:23.0184272","wmiprvse.exe","9452","RegCloseKey","HKLM\SOFTWARE\Microsoft\Wbem\Tracing\Providers\CIMWin32 @ root/CIMV2","SUCCESS",""
"2:58:23.0282008","wmiprvse.exe","9452","RegOpenKey","HKLM","SUCCESS","Desired Access: Maximum Allowed, Granted Access: Read"
"2:58:23.0283517","wmiprvse.exe","9452","RegQueryKey","HKLM","SUCCESS","Query: HandleTags, HandleTags: 0x0"
"2:58:23.0283718","wmiprvse.exe","9452","RegOpenKey","HKLM\Software\Microsoft\WBEM\Tracing\Providers","SUCCESS","Desired Access: Maximum Allowed, Granted Access: Read/Write, Delete"
"2:58:23.0283928","wmiprvse.exe","9452","RegCloseKey","HKLM","SUCCESS",""
"2:58:23.0284060","wmiprvse.exe","9452","RegQueryValue","HKLM\SOFTWARE\Microsoft\Wbem\Tracing\Providers\PerfLibEnabled","SUCCESS","Type: REG_DWORD, Length: 4, Data: 1"
"2:58:23.0284188","wmiprvse.exe","9452","RegQueryValue","HKLM\SOFTWARE\Microsoft\Wbem\Tracing\Providers\PerfLibInterval_ms","SUCCESS","Type: REG_DWORD, Length: 4, Data: 100"
"2:58:23.0284286","wmiprvse.exe","9452","RegQueryValue","HKLM\SOFTWARE\Microsoft\Wbem\Tracing\Providers\IsToCleanupTraces","SUCCESS","Type: REG_DWORD, Length: 4, Data: 1"
"2:58:23.0284379","wmiprvse.exe","9452","RegQueryValue","HKLM\SOFTWARE\Microsoft\Wbem\Tracing\Providers\IsTrackingOperationOnly","NAME NOT FOUND","Length: 16"
"2:58:23.0284501","wmiprvse.exe","9452","RegCloseKey","HKLM\SOFTWARE\Microsoft\Wbem\Tracing\Providers","SUCCESS",""
"2:58:23.0284633","wmiprvse.exe","9452","RegOpenKey","HKLM","SUCCESS","Desired Access: Maximum Allowed, Granted Access: Read"
"2:58:23.0284739","wmiprvse.exe","9452","RegQueryKey","HKLM","SUCCESS","Query: HandleTags, HandleTags: 0x0"
"2:58:23.0284838","wmiprvse.exe","9452","RegOpenKey","HKLM\Software\Microsoft\WBEM\Tracing\Providers\CIMWin32 @ root/CIMV2","SUCCESS","Desired Access: Maximum Allowed, Granted Access: All Access"
"2:58:23.0284967","wmiprvse.exe","9452","RegCloseKey","HKLM","SUCCESS",""
"2:58:23.0285063","wmiprvse.exe","9452","RegQueryValue","HKLM\SOFTWARE\Microsoft\Wbem\Tracing\Providers\CIMWin32 @ root/CIMV2\134194571030343811","NAME NOT FOUND","Length: 12"
"2:58:23.0285212","wmiprvse.exe","9452","RegSetValue","HKLM\SOFTWARE\Microsoft\Wbem\Tracing\Providers\CIMWin32 @ root/CIMV2\134194571030343811","SUCCESS","Type: REG_SZ, Length: 78, Data: CreateInstanceEnumAsync: Win32_Process"
"2:58:23.0287870","wmiprvse.exe","9452","RegCloseKey","HKLM\SOFTWARE\Microsoft\Wbem\Tracing\Providers\CIMWin32 @ root/CIMV2","SUCCESS",""
"2:58:23.8164328","wmiprvse.exe","9452","RegOpenKey","HKLM","SUCCESS","Desired Access: Maximum Allowed, Granted Access: Read"
"2:58:23.8164520","wmiprvse.exe","9452","RegQueryKey","HKLM","SUCCESS","Query: HandleTags, HandleTags: 0x0"
"2:58:23.8164645","wmiprvse.exe","9452","RegOpenKey","HKLM\Software\Microsoft\WBEM\Tracing\Providers","SUCCESS","Desired Access: Maximum Allowed, Granted Access: Read/Write, Delete"
"2:58:23.8164824","wmiprvse.exe","9452","RegCloseKey","HKLM","SUCCESS",""
"2:58:23.8164958","wmiprvse.exe","9452","RegQueryValue","HKLM\SOFTWARE\Microsoft\Wbem\Tracing\Providers\PerfLibEnabled","SUCCESS","Type: REG_DWORD, Length: 4, Data: 1"
"2:58:23.8165335","wmiprvse.exe","9452","RegQueryValue","HKLM\SOFTWARE\Microsoft\Wbem\Tracing\Providers\PerfLibInterval_ms","SUCCESS","Type: REG_DWORD, Length: 4, Data: 100"
"2:58:23.8165500","wmiprvse.exe","9452","RegQueryValue","HKLM\SOFTWARE\Microsoft\Wbem\Tracing\Providers\IsToCleanupTraces","SUCCESS","Type: REG_DWORD, Length: 4, Data: 1"
"2:58:23.8165649","wmiprvse.exe","9452","RegQueryValue","HKLM\SOFTWARE\Microsoft\Wbem\Tracing\Providers\IsTrackingOperationOnly","NAME NOT FOUND","Length: 16"
"2:58:23.8165831","wmiprvse.exe","9452","RegCloseKey","HKLM\SOFTWARE\Microsoft\Wbem\Tracing\Providers","SUCCESS",""
"2:58:23.8166018","wmiprvse.exe","9452","RegOpenKey","HKLM","SUCCESS","Desired Access: Maximum Allowed, Granted Access: Read"
"2:58:23.8166201","wmiprvse.exe","9452","RegQueryKey","HKLM","SUCCESS","Query: HandleTags, HandleTags: 0x0"
"2:58:23.8166432","wmiprvse.exe","9452","RegOpenKey","HKLM\Software\Microsoft\WBEM\Tracing\Providers\CIMWin32 @ root/CIMV2","SUCCESS","Desired Access: Maximum Allowed, Granted Access: All Access"
"2:58:23.8166646","wmiprvse.exe","9452","RegCloseKey","HKLM","SUCCESS",""
"2:58:23.8166766","wmiprvse.exe","9452","RegQueryValue","HKLM\SOFTWARE\Microsoft\Wbem\Tracing\Providers\CIMWin32 @ root/CIMV2\134194571038233283","NAME NOT FOUND","Length: 12"
"2:58:23.8167043","wmiprvse.exe","9452","RegSetValue","HKLM\SOFTWARE\Microsoft\Wbem\Tracing\Providers\CIMWin32 @ root/CIMV2\134194571038233283","SUCCESS","Type: REG_SZ, Length: 236, Data: ExecQueryAsync: select __RELPATH, ProcessID, Name, ParentProcessID, ExecutablePath, WorkingSetSize from Win32_Process"
"2:58:23.8169766","wmiprvse.exe","9452","RegCloseKey","HKLM\SOFTWARE\Microsoft\Wbem\Tracing\Providers\CIMWin32 @ root/CIMV2","SUCCESS",""
"2:58:23.8383609","wmiprvse.exe","9452","RegOpenKey","HKLM","SUCCESS","Desired Access: Maximum Allowed, Granted Access: Read"
"2:58:23.8384402","wmiprvse.exe","9452","RegQueryKey","HKLM","SUCCESS","Query: HandleTags, HandleTags: 0x0"
"2:58:23.8385327","wmiprvse.exe","9452","RegOpenKey","HKLM\Software\Microsoft\WBEM\Tracing\Providers","SUCCESS","Desired Access: Maximum Allowed, Granted Access: Read/Write, Delete"
"2:58:23.8386390","wmiprvse.exe","9452","RegCloseKey","HKLM","SUCCESS",""
"2:58:23.8387293","wmiprvse.exe","9452","RegQueryValue","HKLM\SOFTWARE\Microsoft\Wbem\Tracing\Providers\PerfLibEnabled","SUCCESS","Type: REG_DWORD, Length: 4, Data: 1"
"2:58:23.8388273","wmiprvse.exe","9452","RegQueryValue","HKLM\SOFTWARE\Microsoft\Wbem\Tracing\Providers\PerfLibInterval_ms","SUCCESS","Type: REG_DWORD, Length: 4, Data: 100"
"2:58:23.8389063","wmiprvse.exe","9452","RegQueryValue","HKLM\SOFTWARE\Microsoft\Wbem\Tracing\Providers\IsToCleanupTraces","SUCCESS","Type: REG_DWORD, Length: 4, Data: 1"
"2:58:23.8389792","wmiprvse.exe","9452","RegQueryValue","HKLM\SOFTWARE\Microsoft\Wbem\Tracing\Providers\IsTrackingOperationOnly","NAME NOT FOUND","Length: 16"
"2:58:23.8390613","wmiprvse.exe","9452","RegCloseKey","HKLM\SOFTWARE\Microsoft\Wbem\Tracing\Providers","SUCCESS",""
"2:58:23.8391407","wmiprvse.exe","9452","RegOpenKey","HKLM","SUCCESS","Desired Access: Maximum Allowed, Granted Access: Read"
"2:58:23.8392413","wmiprvse.exe","9452","RegQueryKey","HKLM","SUCCESS","Query: HandleTags, HandleTags: 0x0"
"2:58:23.8393538","wmiprvse.exe","9452","RegOpenKey","HKLM\Software\Microsoft\WBEM\Tracing\Providers\CIMWin32 @ root/CIMV2","SUCCESS","Desired Access: Maximum Allowed, Granted Access: All Access"
"2:58:23.8394587","wmiprvse.exe","9452","RegCloseKey","HKLM","SUCCESS",""
"2:58:23.8395488","wmiprvse.exe","9452","RegQueryValue","HKLM\SOFTWARE\Microsoft\Wbem\Tracing\Providers\CIMWin32 @ root/CIMV2\134194571038437284","NAME NOT FOUND","Length: 12"
"2:58:23.8396589","wmiprvse.exe","9452","RegSetValue","HKLM\SOFTWARE\Microsoft\Wbem\Tracing\Providers\CIMWin32 @ root/CIMV2\134194571038437284","SUCCESS","Type: REG_SZ, Length: 78, Data: CreateInstanceEnumAsync: Win32_Process"
"2:58:23.8399894","wmiprvse.exe","9452","RegCloseKey","HKLM\SOFTWARE\Microsoft\Wbem\Tracing\Providers\CIMWin32 @ root/CIMV2","SUCCESS",""
"2:58:23.8408280","wmiprvse.exe","9452","RegOpenKey","HKLM","SUCCESS","Desired Access: Maximum Allowed, Granted Access: Read"
"2:58:23.8408496","wmiprvse.exe","9452","RegQueryKey","HKLM","SUCCESS","Query: HandleTags, HandleTags: 0x0"
"2:58:23.8408690","wmiprvse.exe","9452","RegOpenKey","HKLM\Software\Microsoft\WBEM\Tracing\Providers\CIMWin32 @ root/CIMV2","SUCCESS","Desired Access: Maximum Allowed, Granted Access: All Access"
"2:58:23.8409133","wmiprvse.exe","9452","RegCloseKey","HKLM","SUCCESS",""
"2:58:23.8409493","wmiprvse.exe","9452","RegQueryKey","HKLM\SOFTWARE\Microsoft\Wbem\Tracing\Providers\CIMWin32 @ root/CIMV2","SUCCESS","Query: HandleTags, HandleTags: 0x0"
"2:58:23.8409704","wmiprvse.exe","9452","RegOpenKey","HKLM\SOFTWARE\Microsoft\Wbem\Tracing\Providers\CIMWin32 @ root/CIMV2","SUCCESS","Desired Access: Set Value"
"2:58:23.8409976","wmiprvse.exe","9452","RegDeleteValue","HKLM\SOFTWARE\Microsoft\Wbem\Tracing\Providers\CIMWin32 @ root/CIMV2\134194571029542043","SUCCESS",""
"2:58:23.8412455","wmiprvse.exe","9452","RegCloseKey","HKLM\SOFTWARE\Microsoft\Wbem\Tracing\Providers\CIMWin32 @ root/CIMV2","SUCCESS",""
"2:58:23.8412838","wmiprvse.exe","9452","RegCloseKey","HKLM\SOFTWARE\Microsoft\Wbem\Tracing\Providers\CIMWin32 @ root/CIMV2","SUCCESS",""
"2:58:23.9502728","wmiprvse.exe","9452","RegOpenKey","HKLM","SUCCESS","Desired Access: Maximum Allowed, Granted Access: Read"
"2:58:23.9503489","wmiprvse.exe","9452","RegQueryKey","HKLM","SUCCESS","Query: HandleTags, HandleTags: 0x0"
"2:58:23.9503711","wmiprvse.exe","9452","RegOpenKey","HKLM\Software\Microsoft\WBEM\Tracing\Providers\CIMWin32 @ root/CIMV2","SUCCESS","Desired Access: Maximum Allowed, Granted Access: All Access"
"2:58:23.9504319","wmiprvse.exe","9452","RegCloseKey","HKLM","SUCCESS",""
"2:58:23.9504980","wmiprvse.exe","9452","RegQueryKey","HKLM\SOFTWARE\Microsoft\Wbem\Tracing\Providers\CIMWin32 @ root/CIMV2","SUCCESS","Query: HandleTags, HandleTags: 0x0"
"2:58:23.9505171","wmiprvse.exe","9452","RegOpenKey","HKLM\SOFTWARE\Microsoft\Wbem\Tracing\Providers\CIMWin32 @ root/CIMV2","SUCCESS","Desired Access: Set Value"
"2:58:23.9505600","wmiprvse.exe","9452","RegDeleteValue","HKLM\SOFTWARE\Microsoft\Wbem\Tracing\Providers\CIMWin32 @ root/CIMV2\134194571029833704","SUCCESS",""
"2:58:23.9508350","wmiprvse.exe","9452","RegCloseKey","HKLM\SOFTWARE\Microsoft\Wbem\Tracing\Providers\CIMWin32 @ root/CIMV2","SUCCESS",""
"2:58:23.9508588","wmiprvse.exe","9452","RegCloseKey","HKLM\SOFTWARE\Microsoft\Wbem\Tracing\Providers\CIMWin32 @ root/CIMV2","SUCCESS",""
"2:58:24.0365652","wmiprvse.exe","9452","RegOpenKey","HKLM","SUCCESS","Desired Access: Maximum Allowed, Granted Access: Read"
"2:58:24.0365838","wmiprvse.exe","9452","RegQueryKey","HKLM","SUCCESS","Query: HandleTags, HandleTags: 0x0"
"2:58:24.0366027","wmiprvse.exe","9452","RegOpenKey","HKLM\Software\Microsoft\WBEM\Tracing\Providers\CIMWin32 @ root/CIMV2","SUCCESS","Desired Access: Maximum Allowed, Granted Access: All Access"
"2:58:24.0366232","wmiprvse.exe","9452","RegCloseKey","HKLM","SUCCESS",""
"2:58:24.0366385","wmiprvse.exe","9452","RegQueryKey","HKLM\SOFTWARE\Microsoft\Wbem\Tracing\Providers\CIMWin32 @ root/CIMV2","SUCCESS","Query: HandleTags, HandleTags: 0x0"
"2:58:24.0366547","wmiprvse.exe","9452","RegOpenKey","HKLM\SOFTWARE\Microsoft\Wbem\Tracing\Providers\CIMWin32 @ root/CIMV2","SUCCESS","Desired Access: Set Value"
"2:58:24.0366724","wmiprvse.exe","9452","RegDeleteValue","HKLM\SOFTWARE\Microsoft\Wbem\Tracing\Providers\CIMWin32 @ root/CIMV2\134194571030236829","SUCCESS",""
"2:58:24.0369407","wmiprvse.exe","9452","RegCloseKey","HKLM\SOFTWARE\Microsoft\Wbem\Tracing\Providers\CIMWin32 @ root/CIMV2","SUCCESS",""
"2:58:24.0369557","wmiprvse.exe","9452","RegCloseKey","HKLM\SOFTWARE\Microsoft\Wbem\Tracing\Providers\CIMWin32 @ root/CIMV2","SUCCESS",""
"2:58:24.0387658","wmiprvse.exe","9452","RegOpenKey","HKLM","SUCCESS","Desired Access: Maximum Allowed, Granted Access: Read"
"2:58:24.0388154","wmiprvse.exe","9452","RegQueryKey","HKLM","SUCCESS","Query: HandleTags, HandleTags: 0x0"
"2:58:24.0388368","wmiprvse.exe","9452","RegOpenKey","HKLM\Software\Microsoft\WBEM\Tracing\Providers\CIMWin32 @ root/CIMV2","SUCCESS","Desired Access: Maximum Allowed, Granted Access: All Access"
"2:58:24.0388674","wmiprvse.exe","9452","RegCloseKey","HKLM","SUCCESS",""
"2:58:24.0388869","wmiprvse.exe","9452","RegQueryKey","HKLM\SOFTWARE\Microsoft\Wbem\Tracing\Providers\CIMWin32 @ root/CIMV2","SUCCESS","Query: HandleTags, HandleTags: 0x0"
"2:58:24.0389079","wmiprvse.exe","9452","RegOpenKey","HKLM\SOFTWARE\Microsoft\Wbem\Tracing\Providers\CIMWin32 @ root/CIMV2","SUCCESS","Desired Access: Set Value"
"2:58:24.0389299","wmiprvse.exe","9452","RegDeleteValue","HKLM\SOFTWARE\Microsoft\Wbem\Tracing\Providers\CIMWin32 @ root/CIMV2\134194571030343811","SUCCESS",""
"2:58:24.0391947","wmiprvse.exe","9452","RegCloseKey","HKLM\SOFTWARE\Microsoft\Wbem\Tracing\Providers\CIMWin32 @ root/CIMV2","SUCCESS",""
"2:58:24.0392153","wmiprvse.exe","9452","RegCloseKey","HKLM\SOFTWARE\Microsoft\Wbem\Tracing\Providers\CIMWin32 @ root/CIMV2","SUCCESS",""
"2:58:24.5692329","wmiprvse.exe","9452","RegOpenKey","HKLM","SUCCESS","Desired Access: Maximum Allowed, Granted Access: Read"
"2:58:24.5692790","wmiprvse.exe","9452","RegQueryKey","HKLM","SUCCESS","Query: HandleTags, HandleTags: 0x0"
"2:58:24.5692983","wmiprvse.exe","9452","RegOpenKey","HKLM\Software\Microsoft\WBEM\Tracing\Providers\CIMWin32 @ root/CIMV2","SUCCESS","Desired Access: Maximum Allowed, Granted Access: All Access"
"2:58:24.5693223","wmiprvse.exe","9452","RegCloseKey","HKLM","SUCCESS",""
"2:58:24.5693410","wmiprvse.exe","9452","RegQueryKey","HKLM\SOFTWARE\Microsoft\Wbem\Tracing\Providers\CIMWin32 @ root/CIMV2","SUCCESS","Query: HandleTags, HandleTags: 0x0"
"2:58:24.5693564","wmiprvse.exe","9452","RegOpenKey","HKLM\SOFTWARE\Microsoft\Wbem\Tracing\Providers\CIMWin32 @ root/CIMV2","SUCCESS","Desired Access: Set Value"
"2:58:24.5693752","wmiprvse.exe","9452","RegDeleteValue","HKLM\SOFTWARE\Microsoft\Wbem\Tracing\Providers\CIMWin32 @ root/CIMV2\134194571038233283","SUCCESS",""
"2:58:24.5696281","wmiprvse.exe","9452","RegCloseKey","HKLM\SOFTWARE\Microsoft\Wbem\Tracing\Providers\CIMWin32 @ root/CIMV2","SUCCESS",""
"2:58:24.5696788","wmiprvse.exe","9452","RegCloseKey","HKLM\SOFTWARE\Microsoft\Wbem\Tracing\Providers\CIMWin32 @ root/CIMV2","SUCCESS",""
"2:58:24.5887736","wmiprvse.exe","9452","RegOpenKey","HKLM","SUCCESS","Desired Access: Maximum Allowed, Granted Access: Read"
"2:58:24.5887981","wmiprvse.exe","9452","RegQueryKey","HKLM","SUCCESS","Query: HandleTags, HandleTags: 0x0"
"2:58:24.5888109","wmiprvse.exe","9452","RegOpenKey","HKLM\Software\Microsoft\WBEM\Tracing\Providers\CIMWin32 @ root/CIMV2","SUCCESS","Desired Access: Maximum Allowed, Granted Access: All Access"
"2:58:24.5888431","wmiprvse.exe","9452","RegCloseKey","HKLM","SUCCESS",""
"2:58:24.5888705","wmiprvse.exe","9452","RegQueryKey","HKLM\SOFTWARE\Microsoft\Wbem\Tracing\Providers\CIMWin32 @ root/CIMV2","SUCCESS","Query: HandleTags, HandleTags: 0x0"
"2:58:24.5888875","wmiprvse.exe","9452","RegOpenKey","HKLM\SOFTWARE\Microsoft\Wbem\Tracing\Providers\CIMWin32 @ root/CIMV2","SUCCESS","Desired Access: Set Value"
"2:58:24.5889120","wmiprvse.exe","9452","RegDeleteValue","HKLM\SOFTWARE\Microsoft\Wbem\Tracing\Providers\CIMWin32 @ root/CIMV2\134194571038437284","SUCCESS",""
"2:58:24.5891433","wmiprvse.exe","9452","RegCloseKey","HKLM\SOFTWARE\Microsoft\Wbem\Tracing\Providers\CIMWin32 @ root/CIMV2","SUCCESS",""
"2:58:24.5891550","wmiprvse.exe","9452","RegCloseKey","HKLM\SOFTWARE\Microsoft\Wbem\Tracing\Providers\CIMWin32 @ root/CIMV2","SUCCESS",""
"2:58:24.9583128","wmiprvse.exe","9452","RegOpenKey","HKLM","SUCCESS","Desired Access: Maximum Allowed, Granted Access: Read"
"2:58:24.9583419","wmiprvse.exe","9452","RegQueryKey","HKLM","SUCCESS","Query: HandleTags, HandleTags: 0x0"
"2:58:24.9583623","wmiprvse.exe","9452","RegOpenKey","HKLM\Software\Microsoft\WBEM\Tracing\Providers","SUCCESS","Desired Access: Maximum Allowed, Granted Access: Read/Write, Delete"
"2:58:24.9583872","wmiprvse.exe","9452","RegCloseKey","HKLM","SUCCESS",""
"2:58:24.9584050","wmiprvse.exe","9452","RegQueryValue","HKLM\SOFTWARE\Microsoft\Wbem\Tracing\Providers\PerfLibEnabled","SUCCESS","Type: REG_DWORD, Length: 4, Data: 1"
"2:58:24.9584162","wmiprvse.exe","9452","RegQueryValue","HKLM\SOFTWARE\Microsoft\Wbem\Tracing\Providers\PerfLibInterval_ms","SUCCESS","Type: REG_DWORD, Length: 4, Data: 100"
"2:58:24.9584252","wmiprvse.exe","9452","RegQueryValue","HKLM\SOFTWARE\Microsoft\Wbem\Tracing\Providers\IsToCleanupTraces","SUCCESS","Type: REG_DWORD, Length: 4, Data: 1"
"2:58:24.9584348","wmiprvse.exe","9452","RegQueryValue","HKLM\SOFTWARE\Microsoft\Wbem\Tracing\Providers\IsTrackingOperationOnly","NAME NOT FOUND","Length: 16"
"2:58:24.9584470","wmiprvse.exe","9452","RegCloseKey","HKLM\SOFTWARE\Microsoft\Wbem\Tracing\Providers","SUCCESS",""
"2:58:24.9584648","wmiprvse.exe","9452","RegOpenKey","HKLM","SUCCESS","Desired Access: Maximum Allowed, Granted Access: Read"
"2:58:24.9584779","wmiprvse.exe","9452","RegQueryKey","HKLM","SUCCESS","Query: HandleTags, HandleTags: 0x0"
"2:58:24.9584929","wmiprvse.exe","9452","RegOpenKey","HKLM\Software\Microsoft\WBEM\Tracing\Providers\CIMWin32 @ root/CIMV2","SUCCESS","Desired Access: Maximum Allowed, Granted Access: All Access"
"2:58:24.9585082","wmiprvse.exe","9452","RegCloseKey","HKLM","SUCCESS",""
"2:58:24.9585303","wmiprvse.exe","9452","RegQueryValue","HKLM\SOFTWARE\Microsoft\Wbem\Tracing\Providers\CIMWin32 @ root/CIMV2\134194571049638645","NAME NOT FOUND","Length: 12"
"2:58:24.9585711","wmiprvse.exe","9452","RegSetValue","HKLM\SOFTWARE\Microsoft\Wbem\Tracing\Providers\CIMWin32 @ root/CIMV2\134194571049638645","SUCCESS","Type: REG_SZ, Length: 78, Data: CreateInstanceEnumAsync: Win32_Process"
"2:58:24.9588538","wmiprvse.exe","9452","RegCloseKey","HKLM\SOFTWARE\Microsoft\Wbem\Tracing\Providers\CIMWin32 @ root/CIMV2","SUCCESS",""
"2:58:25.0396719","wmiprvse.exe","9452","RegOpenKey","HKLM","SUCCESS","Desired Access: Maximum Allowed, Granted Access: Read"
"2:58:25.0397192","wmiprvse.exe","9452","RegQueryKey","HKLM","SUCCESS","Query: HandleTags, HandleTags: 0x0"
"2:58:25.0397390","wmiprvse.exe","9452","RegOpenKey","HKLM\Software\Microsoft\WBEM\Tracing\Providers","SUCCESS","Desired Access: Maximum Allowed, Granted Access: Read/Write, Delete"
"2:58:25.0397670","wmiprvse.exe","9452","RegCloseKey","HKLM","SUCCESS",""
"2:58:25.0397849","wmiprvse.exe","9452","RegQueryValue","HKLM\SOFTWARE\Microsoft\Wbem\Tracing\Providers\PerfLibEnabled","SUCCESS","Type: REG_DWORD, Length: 4, Data: 1"
"2:58:25.0398026","wmiprvse.exe","9452","RegQueryValue","HKLM\SOFTWARE\Microsoft\Wbem\Tracing\Providers\PerfLibInterval_ms","SUCCESS","Type: REG_DWORD, Length: 4, Data: 100"
"2:58:25.0398165","wmiprvse.exe","9452","RegQueryValue","HKLM\SOFTWARE\Microsoft\Wbem\Tracing\Providers\IsToCleanupTraces","SUCCESS","Type: REG_DWORD, Length: 4, Data: 1"
"2:58:25.0398295","wmiprvse.exe","9452","RegQueryValue","HKLM\SOFTWARE\Microsoft\Wbem\Tracing\Providers\IsTrackingOperationOnly","NAME NOT FOUND","Length: 16"
"2:58:25.0398452","wmiprvse.exe","9452","RegCloseKey","HKLM\SOFTWARE\Microsoft\Wbem\Tracing\Providers","SUCCESS",""
"2:58:25.0398650","wmiprvse.exe","9452","RegOpenKey","HKLM","SUCCESS","Desired Access: Maximum Allowed, Granted Access: Read"
"2:58:25.0398811","wmiprvse.exe","9452","RegQueryKey","HKLM","SUCCESS","Query: HandleTags, HandleTags: 0x0"
"2:58:25.0399090","wmiprvse.exe","9452","RegOpenKey","HKLM\Software\Microsoft\WBEM\Tracing\Providers\CIMWin32 @ root/CIMV2","SUCCESS","Desired Access: Maximum Allowed, Granted Access: All Access"
"2:58:25.0399309","wmiprvse.exe","9452","RegCloseKey","HKLM","SUCCESS",""
"2:58:25.0399463","wmiprvse.exe","9452","RegQueryValue","HKLM\SOFTWARE\Microsoft\Wbem\Tracing\Providers\CIMWin32 @ root/CIMV2\134194571050459466","NAME NOT FOUND","Length: 12"
"2:58:25.0399693","wmiprvse.exe","9452","RegSetValue","HKLM\SOFTWARE\Microsoft\Wbem\Tracing\Providers\CIMWin32 @ root/CIMV2\134194571050459466","SUCCESS","Type: REG_SZ, Length: 78, Data: CreateInstanceEnumAsync: Win32_Process"
"2:58:25.0402749","wmiprvse.exe","9452","RegCloseKey","HKLM\SOFTWARE\Microsoft\Wbem\Tracing\Providers\CIMWin32 @ root/CIMV2","SUCCESS",""
"2:58:25.0495881","wmiprvse.exe","9452","RegOpenKey","HKLM","SUCCESS","Desired Access: Maximum Allowed, Granted Access: Read"
"2:58:25.0496252","wmiprvse.exe","9452","RegQueryKey","HKLM","SUCCESS","Query: HandleTags, HandleTags: 0x0"
"2:58:25.0496423","wmiprvse.exe","9452","RegOpenKey","HKLM\Software\Microsoft\WBEM\Tracing\Providers","SUCCESS","Desired Access: Maximum Allowed, Granted Access: Read/Write, Delete"
"2:58:25.0496635","wmiprvse.exe","9452","RegCloseKey","HKLM","SUCCESS",""
"2:58:25.0496781","wmiprvse.exe","9452","RegQueryValue","HKLM\SOFTWARE\Microsoft\Wbem\Tracing\Providers\PerfLibEnabled","SUCCESS","Type: REG_DWORD, Length: 4, Data: 1"
"2:58:25.0496930","wmiprvse.exe","9452","RegQueryValue","HKLM\SOFTWARE\Microsoft\Wbem\Tracing\Providers\PerfLibInterval_ms","SUCCESS","Type: REG_DWORD, Length: 4, Data: 100"
"2:58:25.0497046","wmiprvse.exe","9452","RegQueryValue","HKLM\SOFTWARE\Microsoft\Wbem\Tracing\Providers\IsToCleanupTraces","SUCCESS","Type: REG_DWORD, Length: 4, Data: 1"
"2:58:25.0497168","wmiprvse.exe","9452","RegQueryValue","HKLM\SOFTWARE\Microsoft\Wbem\Tracing\Providers\IsTrackingOperationOnly","NAME NOT FOUND","Length: 16"
"2:58:25.0497319","wmiprvse.exe","9452","RegCloseKey","HKLM\SOFTWARE\Microsoft\Wbem\Tracing\Providers","SUCCESS",""
"2:58:25.0497472","wmiprvse.exe","9452","RegOpenKey","HKLM","SUCCESS","Desired Access: Maximum Allowed, Granted Access: Read"
"2:58:25.0497612","wmiprvse.exe","9452","RegQueryKey","HKLM","SUCCESS","Query: HandleTags, HandleTags: 0x0"
"2:58:25.0497731","wmiprvse.exe","9452","RegOpenKey","HKLM\Software\Microsoft\WBEM\Tracing\Providers\CIMWin32 @ root/CIMV2","SUCCESS","Desired Access: Maximum Allowed, Granted Access: All Access"
"2:58:25.0497890","wmiprvse.exe","9452","RegCloseKey","HKLM","SUCCESS",""
"2:58:25.0498003","wmiprvse.exe","9452","RegQueryValue","HKLM\SOFTWARE\Microsoft\Wbem\Tracing\Providers\CIMWin32 @ root/CIMV2\134194571050551081","NAME NOT FOUND","Length: 12"
"2:58:25.0498216","wmiprvse.exe","9452","RegSetValue","HKLM\SOFTWARE\Microsoft\Wbem\Tracing\Providers\CIMWin32 @ root/CIMV2\134194571050551081","SUCCESS","Type: REG_SZ, Length: 78, Data: CreateInstanceEnumAsync: Win32_Process"
"2:58:25.0501006","wmiprvse.exe","9452","RegCloseKey","HKLM\SOFTWARE\Microsoft\Wbem\Tracing\Providers\CIMWin32 @ root/CIMV2","SUCCESS",""
"2:58:25.5958115","wmiprvse.exe","9452","RegOpenKey","HKLM","SUCCESS","Desired Access: Maximum Allowed, Granted Access: Read"
"2:58:25.5958292","wmiprvse.exe","9452","RegQueryKey","HKLM","SUCCESS","Query: HandleTags, HandleTags: 0x0"
"2:58:25.5958408","wmiprvse.exe","9452","RegOpenKey","HKLM\Software\Microsoft\WBEM\Tracing\Providers","SUCCESS","Desired Access: Maximum Allowed, Granted Access: Read/Write, Delete"
"2:58:25.5958566","wmiprvse.exe","9452","RegCloseKey","HKLM","SUCCESS",""
"2:58:25.5958691","wmiprvse.exe","9452","RegQueryValue","HKLM\SOFTWARE\Microsoft\Wbem\Tracing\Providers\PerfLibEnabled","SUCCESS","Type: REG_DWORD, Length: 4, Data: 1"
"2:58:25.5958985","wmiprvse.exe","9452","RegQueryValue","HKLM\SOFTWARE\Microsoft\Wbem\Tracing\Providers\PerfLibInterval_ms","SUCCESS","Type: REG_DWORD, Length: 4, Data: 100"
"2:58:25.5959100","wmiprvse.exe","9452","RegQueryValue","HKLM\SOFTWARE\Microsoft\Wbem\Tracing\Providers\IsToCleanupTraces","SUCCESS","Type: REG_DWORD, Length: 4, Data: 1"
"2:58:25.5959201","wmiprvse.exe","9452","RegQueryValue","HKLM\SOFTWARE\Microsoft\Wbem\Tracing\Providers\IsTrackingOperationOnly","NAME NOT FOUND","Length: 16"
"2:58:25.5959334","wmiprvse.exe","9452","RegCloseKey","HKLM\SOFTWARE\Microsoft\Wbem\Tracing\Providers","SUCCESS",""
"2:58:25.5959468","wmiprvse.exe","9452","RegOpenKey","HKLM","SUCCESS","Desired Access: Maximum Allowed, Granted Access: Read"
"2:58:25.5959597","wmiprvse.exe","9452","RegQueryKey","HKLM","SUCCESS","Query: HandleTags, HandleTags: 0x0"
"2:58:25.5959701","wmiprvse.exe","9452","RegOpenKey","HKLM\Software\Microsoft\WBEM\Tracing\Providers\CIMWin32 @ root/CIMV2","SUCCESS","Desired Access: Maximum Allowed, Granted Access: All Access"
"2:58:25.5959935","wmiprvse.exe","9452","RegCloseKey","HKLM","SUCCESS",""
"2:58:25.5960084","wmiprvse.exe","9452","RegQueryValue","HKLM\SOFTWARE\Microsoft\Wbem\Tracing\Providers\CIMWin32 @ root/CIMV2\134194571056013465","NAME NOT FOUND","Length: 12"
"2:58:25.5960278","wmiprvse.exe","9452","RegSetValue","HKLM\SOFTWARE\Microsoft\Wbem\Tracing\Providers\CIMWin32 @ root/CIMV2\134194571056013465","SUCCESS","Type: REG_SZ, Length: 78, Data: CreateInstanceEnumAsync: Win32_Process"
"2:58:25.5963065","wmiprvse.exe","9452","RegCloseKey","HKLM\SOFTWARE\Microsoft\Wbem\Tracing\Providers\CIMWin32 @ root/CIMV2","SUCCESS",""
"2:58:25.8636802","wmiprvse.exe","9452","RegOpenKey","HKLM","SUCCESS","Desired Access: Maximum Allowed, Granted Access: Read"
"2:58:25.8637783","wmiprvse.exe","9452","RegQueryKey","HKLM","SUCCESS","Query: HandleTags, HandleTags: 0x0"
"2:58:25.8638574","wmiprvse.exe","9452","RegOpenKey","HKLM\Software\Microsoft\WBEM\Tracing\Providers\CIMWin32 @ root/CIMV2","SUCCESS","Desired Access: Maximum Allowed, Granted Access: All Access"
"2:58:25.8639280","wmiprvse.exe","9452","RegCloseKey","HKLM","SUCCESS",""
"2:58:25.8640031","wmiprvse.exe","9452","RegQueryKey","HKLM\SOFTWARE\Microsoft\Wbem\Tracing\Providers\CIMWin32 @ root/CIMV2","SUCCESS","Query: HandleTags, HandleTags: 0x0"
"2:58:25.8640703","wmiprvse.exe","9452","RegOpenKey","HKLM\SOFTWARE\Microsoft\Wbem\Tracing\Providers\CIMWin32 @ root/CIMV2","SUCCESS","Desired Access: Set Value"
"2:58:25.8641678","wmiprvse.exe","9452","RegDeleteValue","HKLM\SOFTWARE\Microsoft\Wbem\Tracing\Providers\CIMWin32 @ root/CIMV2\134194571049638645","SUCCESS",""
"2:58:25.8644593","wmiprvse.exe","9452","RegCloseKey","HKLM\SOFTWARE\Microsoft\Wbem\Tracing\Providers\CIMWin32 @ root/CIMV2","SUCCESS",""
"2:58:25.8645494","wmiprvse.exe","9452","RegCloseKey","HKLM\SOFTWARE\Microsoft\Wbem\Tracing\Providers\CIMWin32 @ root/CIMV2","SUCCESS",""
